

{"_id":{"$oid":"6364a709b24bbd0b273a3dcd0"},"id":"0","Channel_name":"Chantale Maxwell","channle_image":"https://99designs-blog.imgix.net/blog/wp-content/uploads/2016/08/featured.png?auto=format&q=60&w=2060&h=1158.75&fit=crop&crop=faces","games_tags":["strategy","shooter","warrior"],"live_now":"false","number_streamed_games":{"$numberInt":"0"}

"_id":{"$oid":"6364a709b24bbd0b273a3dcd1"},"id":"1","Channel_name":"Eve Cole","channle_image":"https://cdn.mos.cms.futurecdn.net/m5ADpuAdKTpadnUWmsCrHJ.jpg","games_tags":["warrior","fantasy"],"live_now":"false","number_streamed_games":{"$numberInt":"0"},
{"_id":{"$oid":"6364a709b24bbd0b273a3dcd2"},"id":"2","Channel_name":"Jared Clemons","channle_image":"https://99designs-blog.imgix.net/blog/wp-content/uploads/2022/05/106916085.jpeg?auto=format&q=60&w=1280&h=1280&fit=crop&crop=faces","games_tags":["shooter","strategy"],"live_now":"false","number_streamed_games":{"$numberInt":"1000"}}
,{"_id":{"$oid":"6364a709b24bbd0b273a3dcd3"},"id":"3","Channel_name":"Derek Henson","channle_image":"https://assets.turbologo.com/blog/en/2021/06/14075433/famous-logos-958x575.png","games_tags":["strategy","warrior","moba"],"live_now":"false","number_streamed_games":{"$numberInt":"0"}},
{"_id":{"$oid":"6364a709b24bbd0b273a3dcd4"},"id":"4","Channel_name":"Leslie Blair","channle_image":"https://i.insider.com/5d7a92da2e22af0af07706ab?width=1000&format=jpeg&auto=webp","games_tags":["combat","action"],"live_now":"false","number_streamed_games":{"$numberInt":"3000"}},
{"_id":{"$oid":"6364a709b24bbd0b273a3dcd5"},"id":"5","Channel_name":"Inez Stanton","channle_image":"https://visme.co/blog/wp-content/uploads/2016/05/logo-colors.jpg","games_tags":["moba","strategy"],"live_now":"false","number_streamed_games":{"$numberInt":"2000"}},

{"_id":{"$oid":"6364a709b24bbd0b273a3dcd6"},"id":"6","Channel_name":"Walter Brennan","channle_image":"https://www.tailorbrands.com/wp-content/uploads/2021/06/Brand-marks-1.jpg","games_tags":["shooter","warrior","combat"],"live_now":"false","number_streamed_games":{"$numberInt":"3000"}},
{"_id":{"$oid":"6364a709b24bbd0b273a3dcd7"},"id":"7","Channel_name":"Chadwick Koch","channle_image":"https://ichef.bbci.co.uk/images/ic/960x960/p08ck79f.png","games_tags":["moba","fantasy","action"],"live_now":"false","number_streamed_games":{"$numberInt":"0"}},
{"_id":{"$oid":"6364a709b24bbd0b273a3dcd8"},"id":"8","Channel_name":"Camden Poole","channle_image":"https://justcreative.com/wp-content/uploads/2019/07/black-white-logos.jpg","games_tags":["moba","strategy","fantasy"],"live_now":"false","number_streamed_games":{"$numberInt":"0"}}



